{
    "Амир Марави": "1233",
    "admin": "admin",
    "Valentina Dubilevskaya": "babushka123",
    "Elena Marawi": "2013wwww",
    "Karim Marawi": "1233",
    "Амир": "12312",
    "Cлaвa": "1232",
    "AM": "1232",
    "amir": "suada",
    "Слава": "1232",
    "Амир ": "20314",
    "сервера закрываются": "2013цццц",
    "Амир   ": "2131",
    "Elena Mra": "",
    "FFE": "FEE",
    "dada": "daada",
    "Edad": "dada",
    "dda": "ads",
    "dsdas": "adsdasdas",
    "ELea": "e123",
    "Elena ": "dad",
    "Elena eadad": "adda",
    "ELE ADA": "",
    "Eleeq": "leqe",
    "ELENA MARAW": "\"=!§",
    "Eleqwedq": "dqdqdw",
    "dqdqqd": "dq",
    "dqdqdq": "dqdq",
    "ERLEDA": "DADA"
}